[
    {
        "Country": "UNITED ARAB EMIRATES (THE)",
        "CurrencyName": "UAE Dirham",
        "Currency": "AED",
        "Code": 784
    },
    {
        "Country": "AFGANISTAN",
        "CurrencyName": "Afghan afghani",
        "Currency": "AFN",
        "Code": 971
    },
    {
        "Country": "ALBANIA",
        "CurrencyName": "Albanian Lek",
        "Currency": "ALL",
        "Code": 8
    },
    {
        "Country": "ARMENIA",
        "CurrencyName": "Armenian Dram",
        "Currency": "AMD",
        "Code": 51
    },
    {
        "Country": "SINT MAARTEN (DUTCH PART)",
        "CurrencyName": "Netherlands Antillean Guilder",
        "Currency": "ANG",
        "Code": 532
    },
    {
        "Country": "ANGOLA",
        "CurrencyName": "Kwanza",
        "Currency": "AOA",
        "Code": 973
    },
    {
        "Country": "ARGENTINA",
        "CurrencyName": "Argentine Peso",
        "Currency": "ARS",
        "Code": 32
    },
    {
        "Country": "AUSTRALIA",
        "CurrencyName": "Australian Dollar",
        "Currency": "AUD",
        "Code": 36
    },
    {
        "Country": "ARUBA",
        "CurrencyName": "Aruban Florin",
        "Currency": "AWG",
        "Code": 533
    },
    {
        "Country": "AZERBAIJAN",
        "CurrencyName": "Azerbaijanian Manat",
        "Currency": "AZN",
        "Code": 944
    },
    {
        "Country": "BOSNIA AND HERZEGOVINA",
        "CurrencyName": "Convertible Mark",
        "Currency": "BAM",
        "Code": 977
    },
    {
        "Country": "BARBADOS",
        "CurrencyName": "Barbados Dollar",
        "Currency": "BBD",
        "Code": 52
    },
    {
        "Country": "BANGLADESH",
        "CurrencyName": "Bangladeshi Taka",
        "Currency": "BDT",
        "Code": 50
    },
    {
        "Country": "BULGARIA",
        "CurrencyName": "Bulgarian Lev",
        "Currency": "BGN",
        "Code": 975
    },
    {
        "Country": "BAHRAIN",
        "CurrencyName": "Bahraini Dinar",
        "Currency": "BHD",
        "Code": 48
    },
    {
        "Country": "BURUNDI",
        "CurrencyName": "Burundi Franc",
        "Currency": "BIF",
        "Code": 108
    },
    {
        "Country": "BERMUDA",
        "CurrencyName": "Bermudian Dollar",
        "Currency": "BMD",
        "Code": 60
    },
    {
        "Country": "BRUNEI DARUSSALAM",
        "CurrencyName": "Brunei Dollar",
        "Currency": "BND",
        "Code": 96
    },
    {
        "Country": "BOLIVIA (PLURINATIONAL STATE OF)",
        "CurrencyName": "Bolivian Boliviano",
        "Currency": "BOB",
        "Code": 68
    },
    {
        "Country": "BRAZIL",
        "CurrencyName": "Brazilian Real",
        "Currency": "BRL",
        "Code": 986
    },
    {
        "Country": "BAHAMAS (THE)",
        "CurrencyName": "Bahamian Dollar",
        "Currency": "BSD",
        "Code": 44
    },
    {
        "Country": "BHUTAN",
        "CurrencyName": "Bhutanese Ngultrum",
        "Currency": "BTN",
        "Code": 64
    },
    {
        "Country": "BOTSWANA",
        "CurrencyName": "Botswana Pula",
        "Currency": "BWP",
        "Code": 72
    },
    {
        "Country": "BELARUS",
        "CurrencyName": "Belarussian Ruble",
        "Currency": "BYN",
        "Code": 933
    },
    {
        "Country": "BELIZE",
        "CurrencyName": "Belize Dollar",
        "Currency": "BZD",
        "Code": 84
    },
    {
        "Country": "CANADA",
        "CurrencyName": "Canadian Dollar",
        "Currency": "CAD",
        "Code": 124
    },
    {
        "Country": "CONGO (THE DEMOCRATIC REPUBLIC OF THE)",
        "CurrencyName": "Congolese Franc",
        "Currency": "CDF",
        "Code": 976
    },
    {
        "Country": "SWITZERLAND",
        "CurrencyName": "Swiss Franc",
        "Currency": "CHF",
        "Code": 756
    },
    {
        "Country": "CHILE",
        "CurrencyName": "Chilean Peso",
        "Currency": "CLP",
        "Code": 152
    },
    {
        "Country": "CHINA",
        "CurrencyName": "Yuan Renminbi",
        "Currency": "CNY",
        "Code": 156
    },
    {
        "Country": "COLOMBIA",
        "CurrencyName": "Colombian Peso",
        "Currency": "COP",
        "Code": 170
    },
    {
        "Country": "COSTA RICA",
        "CurrencyName": "Costa Rican Colon",
        "Currency": "CRC",
        "Code": 188
    },
    {
        "Country": "CUBA",
        "CurrencyName": "Peso Convertible",
        "Currency": "CUC",
        "Code": 931
    },
    {
        "Country": "CUBA",
        "CurrencyName": "Cuban Peso",
        "Currency": "CUP",
        "Code": 192
    },
    {
        "Country": "CABO VERDE",
        "CurrencyName": "Cabo Verde Escudo",
        "Currency": "CVE",
        "Code": 132
    },
    {
        "Country": "CZECH REPUBLIC (THE)",
        "CurrencyName": "Czech Koruna",
        "Currency": "CZK",
        "Code": 203
    },
    {
        "Country": "DJIBOUTI",
        "CurrencyName": "Djibouti Franc",
        "Currency": "DJF",
        "Code": 262
    },
    {
        "Country": "DENMARK",
        "CurrencyName": "Danish Krone",
        "Currency": "DKK",
        "Code": 208
    },
    {
        "Country": "DOMINICAN REPUBLIC (THE)",
        "CurrencyName": "Dominican Peso",
        "Currency": "DOP",
        "Code": 214
    },
    {
        "Country": "ALGERIA",
        "CurrencyName": "Algerian Dinar",
        "Currency": "DZD",
        "Code": 12
    },
    {
        "Country": "EGYPT",
        "CurrencyName": "Egyptian Pound",
        "Currency": "EGP",
        "Code": 818
    },
    {
        "Country": "ERITREA",
        "CurrencyName": "Nakfa",
        "Currency": "ERN",
        "Code": 232
    },
    {
        "Country": "ETHIOPIA",
        "CurrencyName": "Ethiopian Birr",
        "Currency": "ETB",
        "Code": 230
    },
    {
        "Country": "European Union",
        "CurrencyName": "Euro",
        "Currency": "EUR",
        "Code": 978
    },
    {
        "Country": "FIJI",
        "CurrencyName": "Fiji Dollar",
        "Currency": "FJD",
        "Code": 242
    },
    {
        "Country": "FALKLAND ISLANDS (THE) [MALVINAS]",
        "CurrencyName": "Falkland Islands Pound",
        "Currency": "FKP",
        "Code": 238
    },
    {
        "Country": "UNITED KINGDOM OF GREAT BRITAIN AND NORTHERN IRELAND (THE)",
        "CurrencyName": "Pound Sterling",
        "Currency": "GBP",
        "Code": 826
    },
    {
        "Country": "GEORGIA",
        "CurrencyName": "Lari",
        "Currency": "GEL",
        "Code": 981
    },
    {
        "Country": "GHANA",
        "CurrencyName": "Ghana Cedi",
        "Currency": "GHS",
        "Code": 936
    },
    {
        "Country": "GIBRALTAR",
        "CurrencyName": "Gibraltar Pound",
        "Currency": "GIP",
        "Code": 292
    },
    {
        "Country": "GAMBIA (THE)",
        "CurrencyName": "Dalasi",
        "Currency": "GMD",
        "Code": 270
    },
    {
        "Country": "GUINEA",
        "CurrencyName": "Guinea Franc",
        "Currency": "GNF",
        "Code": 324
    },
    {
        "Country": "GUATEMALA",
        "CurrencyName": "Quetzal",
        "Currency": "GTQ",
        "Code": 320
    },
    {
        "Country": "GUYANA",
        "CurrencyName": "Guyana Dollar",
        "Currency": "GYD",
        "Code": 328
    },
    {
        "Country": "HONG KONG",
        "CurrencyName": "Hong Kong Dollar",
        "Currency": "HKD",
        "Code": 344
    },
    {
        "Country": "HONDURAS",
        "CurrencyName": "Lempira",
        "Currency": "HNL",
        "Code": 340
    },
    {
        "Country": "CROATIA",
        "CurrencyName": "Kuna",
        "Currency": "HRK",
        "Code": 191
    },
    {
        "Country": "HAITI",
        "CurrencyName": "Gourde",
        "Currency": "HTG",
        "Code": 332
    },
    {
        "Country": "HUNGARY",
        "CurrencyName": "Forint",
        "Currency": "HUF",
        "Code": 348
    },
    {
        "Country": "INDONESIA",
        "CurrencyName": "Rupiah",
        "Currency": "IDR",
        "Code": 360
    },
    {
        "Country": "ISRAEL",
        "CurrencyName": "New Israeli Sheqel",
        "Currency": "ILS",
        "Code": 376
    },
    {
        "Country": "INDIA",
        "CurrencyName": "Indian Rupee",
        "Currency": "INR",
        "Code": 356
    },
    {
        "Country": "IRAQ",
        "CurrencyName": "Iraqi Dinar",
        "Currency": "IQD",
        "Code": 368
    },
    {
        "Country": "IRAN (ISLAMIC REPUBLIC OF)",
        "CurrencyName": "Iranian Rial",
        "Currency": "IRR",
        "Code": 364
    },
    {
        "Country": "ICELAND",
        "CurrencyName": "Iceland Krona",
        "Currency": "ISK",
        "Code": 352
    },
    {
        "Country": "JAMAICA",
        "CurrencyName": "Jamaican Dollar",
        "Currency": "JMD",
        "Code": 388
    },
    {
        "Country": "JORDAN",
        "CurrencyName": "Jordanian Dinar",
        "Currency": "JOD",
        "Code": 400
    },
    {
        "Country": "JAPAN",
        "CurrencyName": "Yen",
        "Currency": "JPY",
        "Code": 392
    },
    {
        "Country": "KENYA",
        "CurrencyName": "Kenyan Shilling",
        "Currency": "KES",
        "Code": 404
    },
    {
        "Country": "KYRGYZSTAN",
        "CurrencyName": "Som",
        "Currency": "KGS",
        "Code": 417
    },
    {
        "Country": "CAMBODIA",
        "CurrencyName": "Riel",
        "Currency": "KHR",
        "Code": 116
    },
    {
        "Country": "COMOROS (THE)",
        "CurrencyName": "Comoro Franc",
        "Currency": "KMF",
        "Code": 174
    },
    {
        "Country": "KOREA (THE DEMOCRATIC PEOPLE’S REPUBLIC OF)",
        "CurrencyName": "North Korean Won",
        "Currency": "KPW",
        "Code": 408
    },
    {
        "Country": "KOREA (THE REPUBLIC OF)",
        "CurrencyName": "Won",
        "Currency": "KRW",
        "Code": 410
    },
    {
        "Country": "KUWAIT",
        "CurrencyName": "Kuwaiti Dinar",
        "Currency": "KWD",
        "Code": 414
    },
    {
        "Country": "CAYMAN ISLANDS (THE)",
        "CurrencyName": "Cayman Islands Dollar",
        "Currency": "KYD",
        "Code": 136
    },
    {
        "Country": "KAZAKHSTAN",
        "CurrencyName": "Tenge",
        "Currency": "KZT",
        "Code": 398
    },
    {
        "Country": "LAO PEOPLE’S DEMOCRATIC REPUBLIC (THE)",
        "CurrencyName": "Kip",
        "Currency": "LAK",
        "Code": 418
    },
    {
        "Country": "LEBANON",
        "CurrencyName": "Lebanese Pound",
        "Currency": "LBP",
        "Code": 422
    },
    {
        "Country": "SRI LANKA",
        "CurrencyName": "Sri Lanka Rupee",
        "Currency": "LKR",
        "Code": 144
    },
    {
        "Country": "LIBERIA",
        "CurrencyName": "Liberian Dollar",
        "Currency": "LRD",
        "Code": 430
    },
    {
        "Country": "LESOTHO",
        "CurrencyName": "Loti",
        "Currency": "LSL",
        "Code": 426
    },
    {
        "Country": "LIBYA",
        "CurrencyName": "Libyan Dinar",
        "Currency": "LYD",
        "Code": 434
    },
    {
        "Country": "MOROCCO",
        "CurrencyName": "Moroccan Dirham",
        "Currency": "MAD",
        "Code": 504
    },
    {
        "Country": "MOLDOVA (THE REPUBLIC OF)",
        "CurrencyName": "Moldovan Leu",
        "Currency": "MDL",
        "Code": 498
    },
    {
        "Country": "MADAGASCAR",
        "CurrencyName": "Malagasy Ariary",
        "Currency": "MGA",
        "Code": 969
    },
    {
        "Country": "REPUBLIC OF NORTH MACEDONIA",
        "CurrencyName": "Denar",
        "Currency": "MKD",
        "Code": 807
    },
    {
        "Country": "MYANMAR",
        "CurrencyName": "Kyat",
        "Currency": "MMK",
        "Code": 104
    },
    {
        "Country": "MONGOLIA",
        "CurrencyName": "Tugrik",
        "Currency": "MNT",
        "Code": 496
    },
    {
        "Country": "MACAO",
        "CurrencyName": "Pataca",
        "Currency": "MOP",
        "Code": 446
    },
    {
        "Country": "MAURITANIA",
        "CurrencyName": "Ouguiya",
        "Currency": "MRU",
        "Code": 478
    },
    {
        "Country": "MAURITIUS",
        "CurrencyName": "Mauritius Rupee",
        "Currency": "MUR",
        "Code": 480
    },
    {
        "Country": "MALDIVES",
        "CurrencyName": "Rufiyaa",
        "Currency": "MVR",
        "Code": 462
    },
    {
        "Country": "MALAWI",
        "CurrencyName": "Kwacha",
        "Currency": "MWK",
        "Code": 454
    },
    {
        "Country": "MEXICO",
        "CurrencyName": "Mexican Peso",
        "Currency": "MXN",
        "Code": 484
    },
    {
        "Country": "MEXICO",
        "CurrencyName": "Mexican Unidad de Inversion (UDI)",
        "Currency": "MXV",
        "Code": 979
    },
    {
        "Country": "MALAYSIA",
        "CurrencyName": "Malaysian Ringgit",
        "Currency": "MYR",
        "Code": 458
    },
    {
        "Country": "MOZAMBIQUE",
        "CurrencyName": "Mozambique Metical",
        "Currency": "MZN",
        "Code": 943
    },
    {
        "Country": "NAMIBIA",
        "CurrencyName": "Namibia Dollar",
        "Currency": "NAD",
        "Code": 516
    },
    {
        "Country": "NIGERIA",
        "CurrencyName": "Naira",
        "Currency": "NGN",
        "Code": 566
    },
    {
        "Country": "NICARAGUA",
        "CurrencyName": "Cordoba Oro",
        "Currency": "NIO",
        "Code": 558
    },
    {
        "Country": "NORWAY",
        "CurrencyName": "Norwegian Krone",
        "Currency": "NOK",
        "Code": 578
    },
    {
        "Country": "NEPAL",
        "CurrencyName": "Nepalese Rupee",
        "Currency": "NPR",
        "Code": 524
    },
    {
        "Country": "NEW ZEALAND",
        "CurrencyName": "New Zealand Dollar",
        "Currency": "NZD",
        "Code": 554
    },
    {
        "Country": "OMAN",
        "CurrencyName": "Rial Omani",
        "Currency": "OMR",
        "Code": 512
    },
    {
        "Country": "PANAMA",
        "CurrencyName": "Balboa",
        "Currency": "PAB",
        "Code": 590
    },
    {
        "Country": "PERU",
        "CurrencyName": "Nuevo Sol",
        "Currency": "PEN",
        "Code": 604
    },
    {
        "Country": "PAPUA NEW GUINEA",
        "CurrencyName": "Kina",
        "Currency": "PGK",
        "Code": 598
    },
    {
        "Country": "PHILIPPINES (THE)",
        "CurrencyName": "Philippine Peso",
        "Currency": "PHP",
        "Code": 608
    },
    {
        "Country": "PAKISTAN",
        "CurrencyName": "Pakistan Rupee",
        "Currency": "PKR",
        "Code": 586
    },
    {
        "Country": "POLAND",
        "CurrencyName": "Zloty",
        "Currency": "PLN",
        "Code": 985
    },
    {
        "Country": "PARAGUAY",
        "CurrencyName": "Guarani",
        "Currency": "PYG",
        "Code": 600
    },
    {
        "Country": "QATAR",
        "CurrencyName": "Qatari Rial",
        "Currency": "QAR",
        "Code": 634
    },
    {
        "Country": "ROMANIA",
        "CurrencyName": "Romanian Leu",
        "Currency": "RON",
        "Code": 946
    },
    {
        "Country": "SERBIA",
        "CurrencyName": "Serbian Dinar",
        "Currency": "RSD",
        "Code": 941
    },
    {
        "Country": "RUSSIAN FEDERATION (THE)",
        "CurrencyName": "Russian Ruble",
        "Currency": "RUB",
        "Code": 643
    },
    {
        "Country": "RWANDA",
        "CurrencyName": "Rwanda Franc",
        "Currency": "RWF",
        "Code": 646
    },
    {
        "Country": "SAUDI ARABIA",
        "CurrencyName": "Saudi Riyal",
        "Currency": "SAR",
        "Code": 682
    },
    {
        "Country": "SOLOMON ISLANDS",
        "CurrencyName": "Solomon Islands Dollar",
        "Currency": "SBD",
        "Code": 90
    },
    {
        "Country": "SEYCHELLES",
        "CurrencyName": "Seychelles Rupee",
        "Currency": "SCR",
        "Code": 690
    },
    {
        "Country": "SUDAN (THE)",
        "CurrencyName": "Sudanese Pound",
        "Currency": "SDG",
        "Code": 938
    },
    {
        "Country": "SWEDEN",
        "CurrencyName": "Swedish Krona",
        "Currency": "SEK",
        "Code": 752
    },
    {
        "Country": "SINGAPORE",
        "CurrencyName": "Singapore Dollar",
        "Currency": "SGD",
        "Code": 702
    },
    {
        "Country": "SAINT HELENA, ASCENSION AND TRISTAN DA CUNHA",
        "CurrencyName": "Saint Helena Pound",
        "Currency": "SHP",
        "Code": 654
    },
    {
        "Country": "SIERRA LEONE",
        "CurrencyName": "Leone",
        "Currency": "SLL",
        "Code": 694
    },
    {
        "Country": "SOMALIA",
        "CurrencyName": "Somali Shilling",
        "Currency": "SOS",
        "Code": 706
    },
    {
        "Country": "SURINAME",
        "CurrencyName": "Surinam Dollar",
        "Currency": "SRD",
        "Code": 968
    },
    {
        "Country": "SOUTH SUDAN",
        "CurrencyName": "South Sudanese Pound",
        "Currency": "SSP",
        "Code": 728
    },
    {
        "Country": "SAO TOME AND PRINCIPE",
        "CurrencyName": "Dobra",
        "Currency": "STN",
        "Code": 930
    },
    {
        "Country": "EL SALVADOR",
        "CurrencyName": "El Salvador Colon",
        "Currency": "SVC",
        "Code": 222
    },
    {
        "Country": "SYRIAN ARAB REPUBLIC",
        "CurrencyName": "Syrian Pound",
        "Currency": "SYP",
        "Code": 760
    },
    {
        "Country": "SWAZILAND",
        "CurrencyName": "Lilangeni",
        "Currency": "SZL",
        "Code": 748
    },
    {
        "Country": "THAILAND",
        "CurrencyName": "Baht",
        "Currency": "THB",
        "Code": 764
    },
    {
        "Country": "TAJIKISTAN",
        "CurrencyName": "Somoni",
        "Currency": "TJS",
        "Code": 972
    },
    {
        "Country": "TURKMENISTAN",
        "CurrencyName": "Turkmenistan Manat",
        "Currency": "TMT",
        "Code": 795
    },
    {
        "Country": "TUNISIA",
        "CurrencyName": "Tunisian Dinar",
        "Currency": "TND",
        "Code": 788
    },
    {
        "Country": "TONGA",
        "CurrencyName": "Pa’anga",
        "Currency": "TOP",
        "Code": 776
    },
    {
        "Country": "TURKEY",
        "CurrencyName": "Turkish Lira",
        "Currency": "TRY",
        "Code": 949
    },
    {
        "Country": "TRINIDAD AND TOBAGO",
        "CurrencyName": "Trinidad and Tobago Dollar",
        "Currency": "TTD",
        "Code": 780
    },
    {
        "Country": "TAIWAN (PROVINCE OF CHINA)",
        "CurrencyName": "New Taiwan Dollar",
        "Currency": "TWD",
        "Code": 901
    },
    {
        "Country": "TANZANIA, UNITED REPUBLIC OF",
        "CurrencyName": "Tanzanian Shilling",
        "Currency": "TZS",
        "Code": 834
    },
    {
        "Country": "UKRAINE",
        "CurrencyName": "Ukrainian Hryvnia",
        "Currency": "UAH",
        "Code": 980
    },
    {
        "Country": "UGANDA",
        "CurrencyName": "Uganda Shilling",
        "Currency": "UGX",
        "Code": 800
    },
    {
        "Country": "THE UNITED STATES OF AMERICA",
        "CurrencyName": "US Dollar",
        "Currency": "USD",
        "Code": 840
    },
    {
        "Country": "THE UNITED STATES OF AMERICA",
        "CurrencyName": "US Dollar (Next day)",
        "Currency": "USN",
        "Code": 997
    },
    {
        "Country": "URUGUAY",
        "CurrencyName": "Uruguay Peso en Unidades Indexadas (URUIURUI)",
        "Currency": "UYI",
        "Code": 940
    },
    {
        "Country": "URUGUAY",
        "CurrencyName": "Peso Uruguayo",
        "Currency": "UYU",
        "Code": 858
    },
    {
        "Country": "UZBEKISTAN",
        "CurrencyName": "Uzbekistan Sum",
        "Currency": "UZS",
        "Code": 860
    },
    {
        "Country": "VENEZUELA (BOLIVARIAN REPUBLIC OF)",
        "CurrencyName": "Bolivar",
        "Currency": "VED",
        "Code": 926
    },
    {
        "Country": "VENEZUELA (BOLIVARIAN REPUBLIC OF)",
        "CurrencyName": "Bolivar",
        "Currency": "VEF",
        "Code": 937
    },
    {
        "Country": "VIET NAM",
        "CurrencyName": "Dong",
        "Currency": "VND",
        "Code": 704
    },
    {
        "Country": "VANUATU",
        "CurrencyName": "Vatu",
        "Currency": "VUV",
        "Code": 548
    },
    {
        "Country": "SAMOA",
        "CurrencyName": "Tala",
        "Currency": "WST",
        "Code": 882
    },
    {
        "Country": "CENTRAL AFRICAN REPUBLIC (THE)",
        "CurrencyName": "CFA Franc BEAC",
        "Currency": "XAF",
        "Code": 950
    },
    {
        "Country": "DOMINICA",
        "CurrencyName": "East Caribbean Dollar",
        "Currency": "XCD",
        "Code": 951
    },
    {
        "Country": "INTERNATIONAL MONETARY FUND (IMF)&nbsp;",
        "CurrencyName": "SDR (Special Drawing Right)",
        "Currency": "XDR",
        "Code": 960
    },
    {
        "Country": "TOGO",
        "CurrencyName": "CFA Franc BCEAO",
        "Currency": "XOF",
        "Code": 952
    },
    {
        "Country": "FRENCH POLYNESIA",
        "CurrencyName": "CFP Franc",
        "Currency": "XPF",
        "Code": 953
    },
    {
        "Country": "SISTEMA UNITARIO DE COMPENSACION REGIONAL DE PAGOS \"SUCRE\"",
        "CurrencyName": "Sucre",
        "Currency": "XSU",
        "Code": 994
    },
    {
        "Country": "MEMBER COUNTRIES OF THE AFRICAN DEVELOPMENT BANK GROUP",
        "CurrencyName": "ADB Unit of Account",
        "Currency": "XUA",
        "Code": 965
    },
    {
        "Country": "YEMEN",
        "CurrencyName": "Yemeni Rial",
        "Currency": "YER",
        "Code": 886
    },
    {
        "Country": "SOUTH AFRICA",
        "CurrencyName": "Rand",
        "Currency": "ZAR",
        "Code": 710
    },
    {
        "Country": "ZAMBIA",
        "CurrencyName": "Zambian Kwacha",
        "Currency": "ZMW",
        "Code": 894
    },
    {
        "Country": "ZIMBABWE",
        "CurrencyName": "Zimbabwe Dollar",
        "Currency": "ZWL",
        "Code": 932
    }
]
